supermarket,-0.22552663075916055,51.54679028340672,5759
shopping,-0.25940855345351205,51.55364747439485,47489
supermarket,-0.2553257061503052,51.55402950242135,14271
supermarket,-0.2177203942119124,51.5262667959673,12756
supermarket,-0.2702446644131744,51.528608775719185,15640
shopping,-0.2661777214822274,51.60011281404031,2126
supermarket,-0.2845803450532475,51.59194855538196,11466
shopping,-0.22102791250273607,51.56027507051504,5424
shopping,-0.2215624301802701,51.56120865667725,5334
shopping,-0.24504085447552934,51.548697100330386,5794
supermarket,-0.22052324309102198,51.56245928571882,2505
shopping,-0.2560612277480394,51.589742332894986,23404
shopping,-0.19538180780366932,51.53908846026869,1215
shopping,-0.196344867017427,51.53979911671817,102
shopping,-0.20539680639065475,51.536156520529794,158
shopping,-0.20543575182351478,51.53620004112208,148
shopping,-0.20587822941010392,51.536060171720266,411
shopping,-0.20532109380489674,51.53606506595246,161
shopping,-0.20535895595974757,51.53611082000952,160
shopping,-0.2037168555957193,51.5369703673432,96
shopping,-0.204920157367641,51.53647811726711,108
shopping,-0.20242596609460678,51.53781490209394,132
shopping,-0.2043554999999979,51.53441275,125
shopping,-0.20438083223298953,51.53446040057467,123
shopping,-0.1965202904743225,51.54005670622523,136
supermarket,-0.19624614612247795,51.53984612976866,158
shopping,-0.19672298511499678,51.53997830956234,111
shopping,-0.202461708228524,51.54552939729804,93
shopping,-0.2020923341396193,51.54570397670755,86
shopping,-0.2021386270188363,51.54576800748724,81
shopping,-0.20193036355087657,51.545542283664915,69
shopping,-0.20069355000000003,51.54115135,109
supermarket,-0.20299715966337267,51.54090269778447,877
shopping,-0.1940311611129246,51.53880930433769,173
shopping,-0.19365946524018537,51.53854981410706,717
supermarket,-0.19410750888209774,51.539041708631835,1126
supermarket,-0.19380501386993382,51.53873317397392,1322
shopping,-0.19410570000000074,51.53887689999999,375
shopping,-0.19367982110863388,51.538446196257325,63
shopping,-0.1954209007643873,51.53944239508044,316
shopping,-0.19630010354663782,51.540297504435195,72
shopping,-0.19626063474239708,51.540262198388,72
shopping,-0.1959021218264437,51.539954796824425,96
shopping,-0.19621456504763887,51.54013476916107,411
supermarket,-0.19622116525760291,51.540226901612,72
shopping,-0.1959652559401579,51.54000335759822,128
shopping,-0.19385226877736858,51.53807171438789,154
shopping,-0.1941144349204193,51.538309384186185,183
shopping,-0.193545850000002,51.53779604999999,110
shopping,-0.19400413138331138,51.53820898545053,154
shopping,-0.19390357928202478,51.53811788624451,142
shopping,-0.19380514999999995,51.53802944999999,117
shopping,-0.1936995448009642,51.53793491878819,144
shopping,-0.1935939499999988,51.537839600000005,168
shopping,-0.19405745332324312,51.53825636082832,148
shopping,-0.1939530028480374,51.5381621768365,142
shopping,-0.19955078611330918,51.54289691546042,542
shopping,-0.19904712738834796,51.54253706382915,197
supermarket,-0.2061776465805958,51.53729781448249,1391
shopping,-0.20481876810388225,51.53530487790194,125
shopping,-0.20476674335893258,51.535208291269484,124
shopping,-0.20479277815909128,51.53525659147759,125
shopping,-0.20466257515983652,51.53501518680334,122
shopping,-0.20485839699559447,51.53548079292368,289
shopping,-0.20501174172856493,51.53563185938057,202
shopping,-0.20512751551078554,51.53580696289727,208
supermarket,-0.31523693748372905,51.58149768126768,10607
shopping,-0.19213447833634792,51.537220833468616,334
shopping,-0.19238574202442493,51.53736344311647,106
shopping,-0.1920496244373413,51.537151176127715,364
supermarket,-0.19306865068038914,51.538222524602816,1546
shopping,-0.19270504587155773,51.53790170731161,2049
shopping,-0.1922157747591246,51.53764204658149,104
supermarket,-0.19163012815268515,51.53693961239484,1423
shopping,-0.19236805,51.5375718,105
shopping,-0.19309545000000106,51.5379077,125
shopping,-0.19338424275583802,51.538231459575044,395
shopping,-0.19270411197889534,51.53751902782724,46
shopping,-0.19321413323403164,51.538037757872296,123
shopping,-0.1922773866469314,51.53761790156444,109
shopping,-0.19311129512009328,51.5379964458921,385
shopping,-0.20555218455052268,51.535617938948015,133
shopping,-0.205411512706124,51.53541909176904,175
shopping,-0.20544177265020697,51.53546412779128,156
shopping,-0.19292393390098245,51.53723128483069,84
shopping,-0.1947556564821897,51.53870000169517,198
shopping,-0.1945446465246275,51.53850696151039,397
shopping,-0.19489860627984218,51.5388322210377,140
shopping,-0.1946333123198156,51.53858812269349,133
shopping,-0.19288186609901756,51.5371936151693,84
shopping,-0.19468892749417965,51.53863902025682,198
shopping,-0.1948533094270647,51.53878980928185,132
shopping,-0.19296586442841934,51.53726897860008,83
shopping,-0.19322791504946704,51.5373832164458,462
shopping,-0.19269269524898583,51.537024081668164,168
shopping,-0.19283976873178402,51.53715598314114,84
shopping,-0.1948101372377329,51.538749910676934,125
shopping,-0.1914054190425677,51.538496871532345,161
shopping,-0.19061884999999998,51.53835385,92
shopping,-0.19096108881781826,51.53821950871442,104
shopping,-0.19110444999999998,51.5385247,201
shopping,-0.19041979999999997,51.53843549999999,92
shopping,-0.19048610000000002,51.53840830000001,92
shopping,-0.19071124212911697,51.538634854886425,123
shopping,-0.19085110532322813,51.53825858151413,184
shopping,-0.19122427639199285,51.53847564980918,201
shopping,-0.19116435471140253,51.53850018183881,201
shopping,-0.1908493999999989,51.53860894999999,171
shopping,-0.19068519999999983,51.538326600000005,92
shopping,-0.19075154999999996,51.53829939999999,92
shopping,-0.1923902473521778,51.53683465468666,127
shopping,-0.19223370000000004,51.53644515,73
shopping,-0.19221199999999963,51.536579499999995,6
shopping,-0.19213108801050863,51.53664795392666,100
shopping,-0.19164358912497864,51.536240522346525,84
shopping,-0.19208565067159977,51.53660888599404,77
shopping,-0.19484738196146412,51.53961405455759,281
shopping,-0.19465323582101385,51.539334284274766,126
shopping,-0.1947901067669351,51.5395619701746,288
shopping,-0.19451943790338835,51.53925909616412,168
shopping,-0.1949056856519745,51.5396651602841,284
shopping,-0.19456837236639038,51.53930275944633,166
shopping,-0.19466480372677397,51.539471262242905,870
shopping,-0.22179300495585402,51.53750724378519,110
shopping,-0.22173461273966116,51.53752922786803,117
shopping,-0.22152850460876397,51.53761837502604,113
shopping,-0.22147200847400966,51.53764623543795,114
shopping,-0.22133981939019864,51.53770105615999,105
shopping,-0.21146732250150857,51.55643125493436,644
shopping,-0.21636441707825804,51.530133841522606,467
shopping,-0.2262849701354753,51.535783998267455,168
shopping,-0.22620213728709404,51.535568278775685,336
shopping,-0.22623767645342086,51.53566072012798,168
shopping,-0.22616664999999997,51.5354758,168
shopping,-0.22610750000000093,51.5353217,336
shopping,-0.19425319865588198,51.53936776239334,157
shopping,-0.19524280278855194,51.53992506000199,223
shopping,-0.19593771645976343,51.54042190034174,88
shopping,-0.1954628772238456,51.540096111413625,186
supermarket,-0.1960941414140255,51.540574667608816,543
shopping,-0.19536301149019186,51.540006702045474,184
shopping,-0.19627334080897768,51.54078534545032,183
shopping,-0.197482123184824,51.541780654433914,187
shopping,-0.19562725000000067,51.540157949999994,83
shopping,-0.19635785000000253,51.54087415,203
shopping,-0.19757541268011644,51.54186409704506,198
shopping,-0.19573181788445634,51.54024569055087,260
shopping,-0.19586104999999998,51.54035535,176
shopping,-0.19537310000000002,51.539936100000006,88
shopping,-0.19741470468473357,51.54174660819474,226
shopping,-0.1954127227761544,51.54005128858637,186
shopping,-0.19752793407873473,51.5418220892035,198
shopping,-0.1955006450704219,51.54013005962441,95
shopping,-0.19552592362917828,51.54015277357153,93
shopping,-0.19773496553451955,51.5419869816302,190
shopping,-0.22906834999999998,51.54728844999998,159
shopping,-0.2313567609820752,51.54720389279833,108
shopping,-0.22898127009651087,51.547299386891886,159
shopping,-0.22915544999999998,51.5472775,160
shopping,-0.2312787173995896,51.54719482895491,108
shopping,-0.22982884258219263,51.54689045520921,155
shopping,-0.22971306090523824,51.54721757699894,297
shopping,-0.22975116784887772,51.546925334782316,113
shopping,-0.22983393022103515,51.547206409493185,152
shopping,-0.22889420000000002,51.547310350000004,160
shopping,-0.23152632055144495,51.54721749212133,122
shopping,-0.2288071,51.5473213,160
shopping,-0.22951072954728916,51.54723625636984,142
shopping,-0.19859129999999997,51.542123000000004,169
shopping,-0.1984955095147644,51.542045205923884,169
shopping,-0.19873489999999994,51.542239650000006,169
shopping,-0.19863917878906073,51.54216185950393,169
shopping,-0.1985434,51.54208409999999,169
shopping,-0.19835190951476442,51.54192850592387,169
shopping,-0.19868699999999997,51.542200750000006,169
shopping,-0.19828742042545555,51.54189983119035,145
shopping,-0.21441612294786572,51.558107519583125,10095
shopping,-0.21467330357771658,51.55862005416037,1258
shopping,-0.21484130835444204,51.55874766961226,1284
supermarket,-0.20286089467912108,51.545780772294925,578
shopping,-0.22845670795134548,51.5674624551933,973
shopping,-0.2093254505886774,51.55127368606777,753
shopping,-0.23146546017131436,51.56966263247049,1415
shopping,-0.22444731230466003,51.565815223278285,9073
shopping,-0.22972680000000006,51.56953505,207
shopping,-0.23128083100495053,51.56950596871302,1386
shopping,-0.24574149499865486,51.58317910649333,3187
shopping,-0.2320256853622571,51.57199635428077,4002
shopping,-0.23763191404539058,51.575143299070156,1531
shopping,-0.25006770239612053,51.586764067048804,1351
shopping,-0.24764380192237798,51.58468292403285,711
shopping,-0.25436232662523683,51.593228544188705,714
shopping,-0.2558469470148054,51.59311049839535,260
shopping,-0.2585879805740812,51.59375485315812,643
shopping,-0.2662839364698317,51.60254182675504,308
shopping,-0.19376444999999998,51.537992900000006,117
supermarket,-0.286128983187609,51.536789427319654,2256
supermarket,-0.3020009892134197,51.53708643645101,7997
supermarket,-0.33673020307404067,51.556080879752095,909
shopping,-0.3346999297078121,51.56001531333997,2375
shopping,-0.33417508647683636,51.55917260273132,3284
shopping,-0.33391665000000004,51.559414100000005,3889
supermarket,-0.30330729369781234,51.5386830414869,11199
shopping,-0.33372997463602755,51.55920953699887,331
shopping,-0.33416030946043046,51.55962208127454,193
shopping,-0.3338552832509327,51.55897974587746,251
shopping,-0.3337356326794801,51.55908124809093,167
shopping,-0.3345641927184691,51.55921913038459,98
shopping,-0.33362100003287115,51.55937283510337,342
shopping,-0.3343742783051725,51.559364783258474,97
shopping,-0.31447039202698246,51.552841762132076,991
shopping,-0.29822423871781434,51.53550401910744,2991
shopping,-0.2959041800528044,51.53350315481214,1261
supermarket,-0.2611433902387429,51.59406887407167,14562
supermarket,-0.27990514999999994,51.5852359,2417
supermarket,-0.2827384317946559,51.58556300052995,669
shopping,-0.30348240479631977,51.53979009541348,10596
shopping,-0.3016750693891771,51.54085641397745,667
supermarket,-0.2967261,51.5446513,565
shopping,-0.19526862002087983,51.54250117550742,191
shopping,-0.22901805,51.56906575,690
shopping,-0.2282294680363388,51.569357164014,1184
shopping,-0.2284393095558812,51.56952510968734,1348
shopping,-0.22796997286037368,51.56849227491323,1794
shopping,-0.22844356096952848,51.56871804815167,1885
shopping,-0.29796628810865294,51.53606286868362,120
shopping,-0.29789128545956123,51.535938960428275,95
supermarket,-0.19800412624727048,51.54219858885372,229
shopping,-0.1978924504283892,51.54211993426455,215
shopping,-0.19806046803924443,51.54224200213891,190
shopping,-0.19793761613420854,51.54216225547169,194
shopping,-0.3161369004174945,51.58286505250124,157
shopping,-0.3162925873011938,51.582779635671145,276
shopping,-0.31614265160718535,51.58299529109391,803
shopping,-0.3156752621806368,51.583144396165686,238
shopping,-0.31623014745067074,51.58284721830204,232
shopping,-0.31512854471051993,51.58345246648612,1133
shopping,-0.31486577714798547,51.58359660681066,214
shopping,-0.3146230976735288,51.58377685102622,532
shopping,-0.31443460701149895,51.583808688722414,143
shopping,-0.3143455936993029,51.58385663372754,350
shopping,-0.314769,51.58365020000001,462
shopping,-0.3139988209720774,51.584007466353974,74
shopping,-0.31345080266596803,51.58425198395943,82
shopping,-0.3137990313938367,51.584100769529115,119
shopping,-0.3136562125085588,51.5841837136114,519
shopping,-0.3140781359159102,51.58397929338477,201
shopping,-0.3133204,51.5843139,82
shopping,-0.31387651147560297,51.58406178860746,106
shopping,-0.3145434354785289,51.583139087662026,256
shopping,-0.31439517299588515,51.58320974326386,261
shopping,-0.3139968896697874,51.58347065705421,171
shopping,-0.31410875000000144,51.583401650000006,183
shopping,-0.3140505060920636,51.583433900047694,171
shopping,-0.31482605515954,51.582998394856894,275
shopping,-0.3139165834182128,51.58349227894379,219
shopping,-0.3136087481466628,51.58363454835291,650
shopping,-0.31383669436761397,51.583515762682985,256
shopping,-0.3148884476737846,51.58293625180459,310
shopping,-0.315485742977446,51.582671466578475,161
supermarket,-0.31563345921504316,51.582488233694995,968
shopping,-0.3176038545771291,51.5815201879517,47
shopping,-0.31721712303292043,51.58166228659339,524
shopping,-0.3175847970341142,51.58144383469382,199
shopping,-0.31773141854109127,51.58148555055693,61
shopping,-0.31770124093587565,51.58145145230076,44
shopping,-0.3174869128786256,51.5815725725633,48
shopping,-0.3179009835009705,51.581821810514874,146
shopping,-0.3178006456322409,51.58191715164075,247
shopping,-0.3177037882074556,51.5819364574208,183
shopping,-0.3156493452202298,51.582470784235426,1211
shopping,-0.3179830388298098,51.58121245241416,237
shopping,-0.31884513904466827,51.58067187430933,543
shopping,-0.3178879922296065,51.58125195985778,402
shopping,-0.3182266091136015,51.581126988830945,102
shopping,-0.3184288318863171,51.580964566215194,354
shopping,-0.31872047271386106,51.5807763274002,611
shopping,-0.3180720541559628,51.58114841357102,174
supermarket,-0.29632241119732383,51.55290735816049,521
shopping,-0.29641974516110425,51.553174800395986,1433
shopping,-0.29613261798266377,51.55296556349613,705
shopping,-0.2956147730808928,51.55313253351133,214
shopping,-0.2954991549435277,51.55318215856279,382
shopping,-0.29518875,51.55252115000001,195
shopping,-0.2957072061359288,51.553099509625596,233
shopping,-0.2951626034210587,51.552486155439276,195
shopping,-0.29508425,51.55238099999999,196
shopping,-0.2951364965296936,51.552451094577144,196
shopping,-0.2951103500000052,51.55241605,195
shopping,-0.2953681727789286,51.553233461849,262
shopping,-0.29526306234366345,51.55327357978605,230
shopping,-0.2950456714682693,51.55339844245679,272
shopping,-0.29409940563376624,51.553706366016655,195
shopping,-0.294423989418946,51.55359741861683,211
shopping,-0.294823349461858,51.553471320884064,217
shopping,-0.2951241197893385,51.55337185839394,261
shopping,-0.29368337863818894,51.553837872999665,190
shopping,-0.2939606878554779,51.55375017026146,193
shopping,-0.293856799318154,51.55378306969516,384
shopping,-0.29517669869341956,51.55331368577213,202
shopping,-0.29470559744501135,51.55353135916461,233
shopping,-0.29375273734147467,51.55381597066698,191
shopping,-0.294609961025404,51.55354008695602,294
shopping,-0.2924798368955766,51.553879021194035,302
shopping,-0.290816282785819,51.55386770695653,139
shopping,-0.29170764356097295,51.553793186678504,138
shopping,-0.29130571788987264,51.55380963424825,144
shopping,-0.29092199366055765,51.55386578579862,160
shopping,-0.2919371536235635,51.55381967942901,151
shopping,-0.2923545963706899,51.55386532058033,151
shopping,-0.2905704913090494,51.553856071122155,162
shopping,-0.29027835463655177,51.55387040902683,125
shopping,-0.288046930205257,51.55373924309584,174
shopping,-0.28797009763422365,51.553729042495135,175
shopping,-0.2875839564124315,51.55364497958052,118
shopping,-0.2883538401266735,51.55378041535374,170
shopping,-0.287771678443546,51.553712498912354,792
shopping,-0.2871919445668989,51.55360698908153,115
shopping,-0.28694529727472523,51.55388717047168,187
shopping,-0.2862416384238504,51.55357148085944,245
shopping,-0.2860276807769172,51.55349453785158,276
shopping,-0.28634748613887423,51.55367788053103,438
shopping,-0.28618910381955937,51.553534830974904,245
shopping,-0.2850247565384964,51.55304794089491,204
shopping,-0.28459407594941255,51.55276455521404,218
shopping,-0.2846463407439123,51.55280649049668,224
shopping,-0.28512313925157645,51.552514170088905,126
shopping,-0.2851805271197346,51.553098725197316,142
shopping,-0.2848945459635027,51.55290452496165,122
shopping,-0.28507363069127156,51.55309339987942,242
shopping,-0.2860497277939629,51.55296958288855,211
shopping,-0.2863173484129118,51.553090515075944,147
shopping,-0.28658425082098843,51.55309931442904,228
shopping,-0.28588970049793716,51.55292755212397,158
shopping,-0.29222746081635054,51.55344562082986,171
shopping,-0.2924376376247092,51.55349134748784,73
shopping,-0.2928875497072971,51.55351594045457,154
shopping,-0.29366582075328745,51.55342589210444,321
shopping,-0.29231553037488595,51.553452049485706,191
shopping,-0.29208415065500487,51.55342876108181,154
shopping,-0.29164511782170305,51.55340301175166,161
shopping,-0.2917877767759085,51.553430480979536,110
shopping,-0.2918588182388202,51.5534349764924,118
shopping,-0.29346913243418105,51.55324807707278,2657
shopping,-0.29380814268532074,51.55342918025416,128
shopping,-0.29431894758747684,51.55327931466782,51
shopping,-0.2945744742911934,51.553141651299114,185
shopping,-0.2946559309314514,51.553072624716314,520
shopping,-0.29427258674284373,51.55327563178781,53
shopping,-0.29421590351639026,51.553303676806166,95
shopping,-0.29503386790790703,51.552951057962325,206
shopping,-0.2948718354033238,51.55301549511206,792
shopping,-0.29644492244184517,51.55334664511641,94
shopping,-0.2955097697757219,51.55282439259305,163
shopping,-0.29644492244184517,51.55334664511639,94
shopping,-0.2953029556168225,51.552825925943615,243
shopping,-0.2965593427628624,51.55347684877556,114
shopping,-0.2964785699967534,51.55338071058546,92
shopping,-0.2953864534881664,51.55281324280277,249
shopping,-0.2971848107359884,51.5521808777568,149
shopping,-0.2981160221515906,51.55193323515187,102
shopping,-0.29778252375807596,51.55201319305821,143
shopping,-0.29807359712376563,51.551942070648224,85
shopping,-0.2970110879571415,51.55222851154501,194
shopping,-0.2983626324934587,51.551910443742536,202
shopping,-0.2978761406593955,51.55197898931466,208
shopping,-0.2984499425051772,51.55190206496812,181
shopping,-0.2985326343147192,51.551881648395806,213
shopping,-0.29823237658064344,51.55192841567707,368
shopping,-0.29966188791081666,51.55184830757871,449
shopping,-0.2995250365251467,51.551854280294656,174
shopping,-0.29983028777053117,51.55187193064916,458
supermarket,-0.3368050999999983,51.5559214,621
shopping,-0.2179564123582075,51.53236377302158,105
shopping,-0.21807159905992685,51.53252004872595,104
supermarket,-0.24646384288164633,51.53677709114933,1748
shopping,-0.29803147879896824,51.55224239258843,126
shopping,-0.2989251840208616,51.552191717528046,347
shopping,-0.2960967291052193,51.5526154224071,106
shopping,-0.2979538577972769,51.55225550503368,117
shopping,-0.2974259673726192,51.55244136357598,121
shopping,-0.29700575419743896,51.55257837165721,93
shopping,-0.29687765747682887,51.55262860647085,93
shopping,-0.2971333,51.55252835,91
shopping,-0.29734250704914644,51.55246586356782,99
shopping,-0.2970698113633934,51.55255329109725,93
shopping,-0.29764161973531916,51.55233478335851,130
shopping,-0.2977986103717992,51.552291365859226,125
shopping,-0.2979007861584203,51.5522661915285,50
shopping,-0.2981126280408333,51.552227103221654,129
shopping,-0.2956757259302075,51.55238625567057,965
shopping,-0.2956903702676054,51.55240059291339,4213
shopping,-0.29772123847132614,51.5523116655503,122
shopping,-0.29668602327401966,51.552703421756576,90
shopping,-0.2975017107973573,51.55240972291432,193
shopping,-0.2986648923574105,51.55219334174915,306
shopping,-0.29758167687907255,51.552379337320524,148
shopping,-0.2958303172898428,51.552685791706814,273
shopping,-0.2990735338233517,51.551401706670696,572
shopping,-0.29915395818784307,51.55155251427476,205
shopping,-0.2991818670517998,51.55173348171261,131
shopping,-0.29894990746928246,51.55110099567228,211
shopping,-0.2991573974196511,51.551682336532444,125
shopping,-0.29910448360066777,51.55150718091683,155
shopping,-0.2988181365795692,51.550728251109376,214
shopping,-0.2988343500000001,51.55086825,425
shopping,-0.29879687899416274,51.550673668533186,162
shopping,-0.2987814841201939,51.55063234724005,184
shopping,-0.29880866487381413,51.55070399708558,421
shopping,-0.29767092621933566,51.54966361790833,129
shopping,-0.2977262830450263,51.54978247711073,118
shopping,-0.29776048860476206,51.549854815131454,63
shopping,-0.2977003797379558,51.549724263713166,122
shopping,-0.2986338040207554,51.55045280741221,196
shopping,-0.2985389258762223,51.550285310564156,94
shopping,-0.2983420049377419,51.54998681704726,175
shopping,-0.29839882016532926,51.55008218461026,124
shopping,-0.29774695141754104,51.549825248605295,59
shopping,-0.29861036991124035,51.55037571350808,194
shopping,-0.29851677933860493,51.550253728577154,53
shopping,-0.2984095438618133,51.55119133813342,206
shopping,-0.2983185565092091,51.5509049467483,251
shopping,-0.2982215674032396,51.55069859920022,108
shopping,-0.29826389758306904,51.55064914821859,57
shopping,-0.29832951582216893,51.5509558018951,69
shopping,-0.2982761134151248,51.55079400882053,275
shopping,-0.2983554193635556,51.551071597094094,150
shopping,-0.2983466989864957,51.5510026254779,70
shopping,-0.29863596039667406,51.551497633222446,207
shopping,-0.2987484788966329,51.55178665010958,72
shopping,-0.2986641930233683,51.551556592761166,127
shopping,-0.29860433431545186,51.551435324074966,153
shopping,-0.2997086186624345,51.55224045634333,183
shopping,-0.2996299538586287,51.55218737922105,99
shopping,-0.29894762734848707,51.552305392526065,163
shopping,-0.30001008498592596,51.552270932152396,171
shopping,-0.3003562982676044,51.55227367875859,48
shopping,-0.3004614,51.55228819999999,93
shopping,-0.2998614455768593,51.55221051782571,96
shopping,-0.2999381290023768,51.55221573565531,82
shopping,-0.30104176511295366,51.55197403614114,216
shopping,-0.301398435270194,51.55200096729145,412
shopping,-0.3008045846394515,51.55196997053424,84
shopping,-0.30119943518169284,51.551981245654744,237
shopping,-0.30128154078263614,51.55198617980531,235
shopping,-0.19504351095566239,51.54005104716364,69
shopping,-0.19509596186352152,51.540017709325454,109
shopping,-0.19170048083773902,51.536135997014405,76
shopping,-0.19487063002466357,51.53981047078895,70
supermarket,-0.19989698103766385,51.54315415491214,160
shopping,-0.2058946999999994,51.533055899999994,82
shopping,-0.20576931708873653,51.53306272350027,171
shopping,-0.20555259691517902,51.53307417659641,83
shopping,-0.20481107964358441,51.534389968325044,123
shopping,-0.20472336433787922,51.5342536428709,96
shopping,-0.20474557639753013,51.534298868819704,88
shopping,-0.20485764999999997,51.5344841,119
shopping,-0.295214779239574,51.570223852765004,1131
shopping,-0.20253025,51.532265550000005,63
shopping,-0.20415171954715483,51.52935855531505,85
shopping,-0.2024674631621634,51.53197493490688,66
shopping,-0.19614777632839217,51.527626692431,137
shopping,-0.1962136146178038,51.52774952913728,85
shopping,-0.2010227892170965,51.52902893872824,115
shopping,-0.2012075549444637,51.52863682619703,175
shopping,-0.19663819999999999,51.527744049999995,94
shopping,-0.19671960510292028,51.52775998046344,94
shopping,-0.19696375458701934,51.5278077941082,95
supermarket,-0.27575264169279295,51.56472848985104,15576
supermarket,-0.2037536550347973,51.53365302119921,572
shopping,-0.23177702077454632,51.531092378681656,1697
shopping,-0.20914794871416764,51.53216203099468,342
shopping,-0.2171229500000006,51.531160850000006,163
shopping,-0.21330410997548271,51.53251430209395,930
shopping,-0.21886358574646894,51.53335832820777,113
shopping,-0.2187185004499598,51.53398848423526,122
shopping,-0.21885597298277087,51.53330405124001,228
shopping,-0.21889374712845885,51.533345166723194,180
shopping,-0.21820025650908928,51.53327160403657,112
shopping,-0.21899902503902235,51.53342341408144,141
shopping,-0.21905058171883982,51.5334711777198,131
shopping,-0.21845513801527974,51.533660251500194,177
shopping,-0.21858254539588504,51.53380282705533,122
shopping,-0.21868162632369167,51.53393808620949,122
shopping,-0.21823551742592032,51.53332137626138,111
shopping,-0.21832770854440076,51.53345072958418,112
supermarket,-0.2191958854887823,51.53364484433925,395
shopping,-0.2180443918509361,51.533052712158835,112
shopping,-0.2185456282203705,51.53375241665156,122
shopping,-0.21661656460278533,51.53041423602238,164
supermarket,-0.21617929639250252,51.52855462802586,84
shopping,-0.216173524735172,51.52829449672082,84
shopping,-0.21684978537946323,51.530737763977974,164
shopping,-0.21623974418143008,51.529077836852295,147
shopping,-0.21674977860174416,51.53059913749117,164
shopping,-0.21623482994807386,51.52919363652862,169
shopping,-0.21618233381682883,51.52869272523569,110
shopping,-0.21694964783549117,51.53087645060057,164
shopping,-0.2162394162551021,51.52897053541959,147
shopping,-0.21678315000000004,51.53064535000001,164
shopping,-0.21688304999999997,51.53078400000001,164
shopping,-0.2165228424459628,51.53028406972957,435
shopping,-0.21604464877495805,51.529619675799665,89
shopping,-0.21617725976073074,51.52939705208524,411
shopping,-0.21617697524880827,51.52845055327951,84
shopping,-0.2574036944614643,51.53664738224057,242
shopping,-0.2572719547835555,51.53659471854147,233
shopping,-0.2571327652347461,51.536538957349805,270
shopping,-0.25411925683201037,51.59341678740833,114
shopping,-0.2555551040137381,51.59314848235323,196
shopping,-0.2857294135674725,51.5271945868507,1318
shopping,-0.22035195348336944,51.53537395167191,141
shopping,-0.21900211108754075,51.53443818914931,134
shopping,-0.21896229883195314,51.53438317998533,135
shopping,-0.2194175257975908,51.53491015233439,124
shopping,-0.2201920212911278,51.53516885416211,142
shopping,-0.22005755085025958,51.53408266701676,123
shopping,-0.21961032798698907,51.53509059453576,124
shopping,-0.2189304276734052,51.53433994377294,134
shopping,-0.22030645554387307,51.53531587640483,142
shopping,-0.22038638294394736,51.535418428521965,141
shopping,-0.2194706680670935,51.53496020882613,123
shopping,-0.22039924085703957,51.53398888127789,143
shopping,-0.2191455483630477,51.534634737577456,134
shopping,-0.21966349629473703,51.53514069031823,123
shopping,-0.22022643834792088,51.53521334959722,142
shopping,-0.21975985430965042,51.53523094657478,123
shopping,-0.2201456253092487,51.535110592156094,142
shopping,-0.21970674315795433,51.53518084971661,124
supermarket,-0.2603734322144616,51.593547090916545,9575
shopping,-0.19297741062802243,51.526485061501475,247
shopping,-0.20087365,51.528262950000006,177
shopping,-0.19752662573493746,51.528111496735164,85
shopping,-0.19753554673578252,51.52793365517622,152
shopping,-0.19752636910717467,51.52854652145454,114
shopping,-0.19753731882291878,51.52838250160329,115
shopping,-0.19754079193932547,51.528337189488774,115
shopping,-0.19741051972379448,51.52763493721483,22
shopping,-0.19747781524770408,51.52753306388437,414
shopping,-0.19696068480420284,51.52750213512105,109
shopping,-0.19696570986565687,51.52744875174914,109
shopping,-0.19807796125098504,51.52804927714341,138
shopping,-0.1977667964793096,51.52799954881799,118
shopping,-0.1978962,51.52801464999999,69
shopping,-0.1978388214864826,51.52799498229557,41
shopping,-0.20884689782989593,51.540263986801726,91
shopping,-0.2088983064467415,51.540320691352726,91
shopping,-0.2087283243038892,51.54013323578668,150
shopping,-0.21523318839575678,51.5274586634,311
shopping,-0.196185341461617,51.544516983095164,94
shopping,-0.19580654700301559,51.54446561482098,96
shopping,-0.20549505662549164,51.541508723452985,139
shopping,-0.20527510905290605,51.54140390388885,244
shopping,-0.2031437823093833,51.54057041791336,232
shopping,-0.20303015881456613,51.54057965632088,110
shopping,-0.20279406699788216,51.54061869584345,98
shopping,-0.2027174231406474,51.54062981400135,105
shopping,-0.20222580122789285,51.5410163810823,112
shopping,-0.20231549755476866,51.541005850658834,119
shopping,-0.20238654171126005,51.54099753136476,108
shopping,-0.20247083673098293,51.54097697720916,122
shopping,-0.20253464829643175,51.5409538307429,106
shopping,-0.20246388435619922,51.54065355855673,122
shopping,-0.20238009065735657,51.54066938035268,123
shopping,-0.20223213785447594,51.54069691285534,123
shopping,-0.20201877846260483,51.540730436090364,111
shopping,-0.20114930422735935,51.54081989195751,99
shopping,-0.19974925050897002,51.541103966838925,67
shopping,-0.19928384999999987,51.54158745000001,71
shopping,-0.19956632083924836,51.5414949022942,115
shopping,-0.19924810682522398,51.54163362564067,114
shopping,-0.1991194443877029,51.541689080887146,117
shopping,-0.19904693044725943,51.541719570262735,119
shopping,-0.19886069016442698,51.54179759770922,122
shopping,-0.19878288258940643,51.54183321289249,144
supermarket,-0.19871807528647398,51.541856814052394,148
shopping,-0.20069207626569602,51.54442456080794,177
shopping,-0.20053962427602884,51.54426169858265,151
shopping,-0.20049407304687375,51.54422058312682,134
shopping,-0.20093560351162568,51.54398893711252,266
shopping,-0.20077300244227841,51.54385121699212,1472
shopping,-0.20105231404686533,51.54414335027187,624
shopping,-0.20113001398855912,51.544284658534224,140
shopping,-0.20118241830629277,51.54433487234747,140
shopping,-0.201239959468795,51.54438991365049,167
shopping,-0.20190058068172798,51.54501267548535,85
shopping,-0.2017203256299705,51.54486385104692,80
shopping,-0.20167920987196358,51.544824652602934,82
shopping,-0.20163811028951023,51.54478548688973,83
shopping,-0.20159702980279262,51.54474630409415,85
shopping,-0.22531684999999999,51.54262905000001,117
shopping,-0.22499856761594764,51.54276037863586,117
shopping,-0.22460073238405237,51.542924521364135,117
shopping,-0.22615767782204235,51.54121241223568,169
shopping,-0.22619991469432765,51.541161948625,168
shopping,-0.2262844120134283,51.54106103666089,168
shopping,-0.22450655104872008,51.54295010569597,159
shopping,-0.22551123122462335,51.53367504672508,122
shopping,-0.225465916247389,51.53348288363827,122
shopping,-0.22592909452801754,51.53357710623307,129
shopping,-0.2259187805074074,51.53353391418412,125
shopping,-0.21868365920044913,51.52895093330049,87
shopping,-0.2179799155579566,51.52883785877724,325
shopping,-0.22838034812245897,51.530452131490584,77
shopping,-0.22885612091690735,51.53074995326341,238
shopping,-0.22812921192578112,51.530391098462275,226
shopping,-0.229028382848597,51.53079856979339,99
shopping,-0.229836839020152,51.530996089130355,205
shopping,-0.22958273778329114,51.53095101639763,361
shopping,-0.23720917053980642,51.52973782477931,74
shopping,-0.26238359551169577,51.59545676455003,11013
shopping,-0.21133368761813343,51.55632487253708,403
shopping,-0.26318337702697936,51.596342282738625,2176
shopping,-0.26998989999999995,51.60207599999999,92
shopping,-0.2015364485008908,51.546430808723976,2366
shopping,-0.1993614946466757,51.54331021428719,169
shopping,-0.19940500000000225,51.543351699999995,187
shopping,-0.1996127449110751,51.5434858520264,114
shopping,-0.27980071856334815,51.5979727069112,359
supermarket,-0.20339409556823915,51.54636612339229,314
shopping,-0.23338117913874254,51.545491772292145,83
shopping,-0.2701550444597785,51.60329641907885,1408
shopping,-0.2502456376715665,51.55947033676449,162
supermarket,-0.258837737325012,51.59271399872111,1701
shopping,-0.21347879981989532,51.527069345154565,209
shopping,-0.28573740000000053,51.59304564999999,337
shopping,-0.19496450848714023,51.539754297571854,166
